,city,country,id,last_update,pollutant_avg,pollutant_id,pollutant_max,pollutant_min,pollutant_unit,state,station
0,Amaravati,India,1,17-03-2018 08:00:00,80,PM2.5,134,28,,Andhra_Pradesh,"Secretariat, Amaravati - APPCB"
1,Amaravati,India,2,17-03-2018 08:00:00,77,PM10,106,36,,Andhra_Pradesh,"Secretariat, Amaravati - APPCB"
2,Amaravati,India,3,17-03-2018 08:00:00,21,NO2,46,9,,Andhra_Pradesh,"Secretariat, Amaravati - APPCB"
3,Amaravati,India,4,17-03-2018 08:00:00,3,NH3,5,2,,Andhra_Pradesh,"Secretariat, Amaravati - APPCB"
4,Amaravati,India,5,17-03-2018 08:00:00,15,SO2,60,1,,Andhra_Pradesh,"Secretariat, Amaravati - APPCB"
5,Amaravati,India,6,17-03-2018 08:00:00,34,CO,41,17,,Andhra_Pradesh,"Secretariat, Amaravati - APPCB"
6,Amaravati,India,7,17-03-2018 08:00:00,23,OZONE,36,4,,Andhra_Pradesh,"Secretariat, Amaravati - APPCB"
7,Rajamahendravaram,India,8,17-03-2018 08:00:00,88,PM2.5,231,35,,Andhra_Pradesh,"Anand Kala Kshetram, Rajamahendravaram - APPCB"
8,Rajamahendravaram,India,9,17-03-2018 08:00:00,91,PM10,165,41,,Andhra_Pradesh,"Anand Kala Kshetram, Rajamahendravaram - APPCB"
9,Rajamahendravaram,India,10,17-03-2018 08:00:00,34,NO2,56,17,,Andhra_Pradesh,"Anand Kala Kshetram, Rajamahendravaram - APPCB"
10,Rajamahendravaram,India,11,17-03-2018 08:00:00,6,NH3,10,3,,Andhra_Pradesh,"Anand Kala Kshetram, Rajamahendravaram - APPCB"
11,Rajamahendravaram,India,12,17-03-2018 08:00:00,19,SO2,32,9,,Andhra_Pradesh,"Anand Kala Kshetram, Rajamahendravaram - APPCB"
12,Rajamahendravaram,India,13,17-03-2018 08:00:00,53,CO,80,1,,Andhra_Pradesh,"Anand Kala Kshetram, Rajamahendravaram - APPCB"
13,Rajamahendravaram,India,14,17-03-2018 08:00:00,71,OZONE,103,8,,Andhra_Pradesh,"Anand Kala Kshetram, Rajamahendravaram - APPCB"
14,Tirupati,India,15,17-03-2018 08:00:00,37,PM2.5,75,12,,Andhra_Pradesh,"Tirumala, Tirupati - APPCB"
15,Tirupati,India,16,17-03-2018 08:00:00,46,PM10,98,17,,Andhra_Pradesh,"Tirumala, Tirupati - APPCB"
16,Tirupati,India,17,17-03-2018 08:00:00,49,NO2,65,30,,Andhra_Pradesh,"Tirumala, Tirupati - APPCB"
17,Tirupati,India,18,17-03-2018 08:00:00,3,NH3,3,2,,Andhra_Pradesh,"Tirumala, Tirupati - APPCB"
18,Tirupati,India,19,17-03-2018 08:00:00,5,SO2,8,3,,Andhra_Pradesh,"Tirumala, Tirupati - APPCB"
19,Tirupati,India,20,17-03-2018 08:00:00,26,CO,36,12,,Andhra_Pradesh,"Tirumala, Tirupati - APPCB"
20,Tirupati,India,21,17-03-2018 08:00:00,36,OZONE,49,9,,Andhra_Pradesh,"Tirumala, Tirupati - APPCB"
21,Vijayawada,India,22,17-03-2018 08:00:00,69,PM10,82,26,,Andhra_Pradesh,"PWD Grounds, Vijayawada - APPCB"
22,Vijayawada,India,23,17-03-2018 08:00:00,59,NO2,91,42,,Andhra_Pradesh,"PWD Grounds, Vijayawada - APPCB"
23,Vijayawada,India,24,17-03-2018 08:00:00,3,NH3,3,2,,Andhra_Pradesh,"PWD Grounds, Vijayawada - APPCB"
24,Vijayawada,India,25,17-03-2018 08:00:00,11,SO2,14,9,,Andhra_Pradesh,"PWD Grounds, Vijayawada - APPCB"
25,Vijayawada,India,26,17-03-2018 08:00:00,87,CO,106,49,,Andhra_Pradesh,"PWD Grounds, Vijayawada - APPCB"
26,Visakhapatnam,India,27,17-03-2018 08:00:00,201,PM2.5,328,35,,Andhra_Pradesh,"GVM Corporation, Visakhapatnam - APPCB"
27,Visakhapatnam,India,28,17-03-2018 08:00:00,140,PM10,312,51,,Andhra_Pradesh,"GVM Corporation, Visakhapatnam - APPCB"
28,Visakhapatnam,India,29,17-03-2018 08:00:00,73,NO2,144,22,,Andhra_Pradesh,"GVM Corporation, Visakhapatnam - APPCB"
29,Visakhapatnam,India,30,17-03-2018 08:00:00,4,NH3,6,3,,Andhra_Pradesh,"GVM Corporation, Visakhapatnam - APPCB"
30,Visakhapatnam,India,31,17-03-2018 08:00:00,18,SO2,39,6,,Andhra_Pradesh,"GVM Corporation, Visakhapatnam - APPCB"
31,Visakhapatnam,India,32,17-03-2018 08:00:00,61,CO,85,28,,Andhra_Pradesh,"GVM Corporation, Visakhapatnam - APPCB"
32,Visakhapatnam,India,33,17-03-2018 08:00:00,64,OZONE,100,6,,Andhra_Pradesh,"GVM Corporation, Visakhapatnam - APPCB"
33,Gaya,India,34,17-03-2018 08:00:00,NA,PM2.5,NA,NA,,Bihar,"Collectorate, Gaya - BSPCB"
34,Gaya,India,35,17-03-2018 08:00:00,NA,NO2,NA,NA,,Bihar,"Collectorate, Gaya - BSPCB"
35,Gaya,India,36,17-03-2018 08:00:00,NA,SO2,NA,NA,,Bihar,"Collectorate, Gaya - BSPCB"
36,Gaya,India,37,17-03-2018 08:00:00,98,CO,109,89,,Bihar,"Collectorate, Gaya - BSPCB"
37,Gaya,India,38,17-03-2018 08:00:00,77,OZONE,163,32,,Bihar,"Collectorate, Gaya - BSPCB"
38,Muzaffarpur,India,39,17-03-2018 08:00:00,138,PM2.5,287,57,,Bihar,"Muzaffarpur Collectorate,Muzaffarpur - BSPCB"
39,Muzaffarpur,India,40,17-03-2018 08:00:00,117,NO2,217,81,,Bihar,"Muzaffarpur Collectorate,Muzaffarpur - BSPCB"
40,Muzaffarpur,India,41,17-03-2018 08:00:00,37,SO2,103,1,,Bihar,"Muzaffarpur Collectorate,Muzaffarpur - BSPCB"
41,Muzaffarpur,India,42,17-03-2018 08:00:00,81,CO,106,72,,Bihar,"Muzaffarpur Collectorate,Muzaffarpur - BSPCB"
42,Muzaffarpur,India,43,17-03-2018 08:00:00,138,OZONE,183,24,,Bihar,"Muzaffarpur Collectorate,Muzaffarpur - BSPCB"
43,Patna,India,44,17-03-2018 08:00:00,193,PM2.5,321,82,,Bihar,"IGSC Planetarium Complex, Patna - BSPCB"
44,Patna,India,45,17-03-2018 08:00:00,48,NO2,69,25,,Bihar,"IGSC Planetarium Complex, Patna - BSPCB"
45,Patna,India,46,17-03-2018 08:00:00,60,SO2,77,48,,Bihar,"IGSC Planetarium Complex, Patna - BSPCB"
46,Patna,India,47,17-03-2018 08:00:00,73,CO,102,37,,Bihar,"IGSC Planetarium Complex, Patna - BSPCB"
47,Patna,India,48,17-03-2018 08:00:00,102,OZONE,153,28,,Bihar,"IGSC Planetarium Complex, Patna - BSPCB"
48,Delhi,India,49,17-03-2018 08:00:00,NA,PM2.5,NA,NA,,Delhi,"Anand Vihar, New Delhi - DPCC"
49,Delhi,India,50,17-03-2018 08:00:00,NA,PM10,NA,NA,,Delhi,"Anand Vihar, New Delhi - DPCC"
50,Delhi,India,51,17-03-2018 08:00:00,NA,NO2,NA,NA,,Delhi,"Anand Vihar, New Delhi - DPCC"
51,Delhi,India,52,17-03-2018 08:00:00,NA,NH3,NA,NA,,Delhi,"Anand Vihar, New Delhi - DPCC"
52,Delhi,India,53,17-03-2018 08:00:00,NA,SO2,NA,NA,,Delhi,"Anand Vihar, New Delhi - DPCC"
53,Delhi,India,54,17-03-2018 08:00:00,NA,CO,NA,NA,,Delhi,"Anand Vihar, New Delhi - DPCC"
54,Delhi,India,55,17-03-2018 08:00:00,NA,OZONE,NA,NA,,Delhi,"Anand Vihar, New Delhi - DPCC"
55,Delhi,India,56,17-03-2018 08:00:00,134,PM2.5,314,50,,Delhi,"Aya Nagar, New Delhi - IMD"
56,Delhi,India,57,17-03-2018 08:00:00,102,PM10,186,50,,Delhi,"Aya Nagar, New Delhi - IMD"
57,Delhi,India,58,17-03-2018 08:00:00,22,NO2,25,18,,Delhi,"Aya Nagar, New Delhi - IMD"
58,Delhi,India,59,17-03-2018 08:00:00,45,CO,66,42,,Delhi,"Aya Nagar, New Delhi - IMD"
59,Delhi,India,60,17-03-2018 08:00:00,52,OZONE,58,25,,Delhi,"Aya Nagar, New Delhi - IMD"
60,Delhi,India,61,17-03-2018 08:00:00,219,PM2.5,302,82,,Delhi,"Burari Crossing, New Delhi - IMD"
61,Delhi,India,62,17-03-2018 08:00:00,135,PM10,164,79,,Delhi,"Burari Crossing, New Delhi - IMD"
62,Delhi,India,63,17-03-2018 08:00:00,52,NO2,57,41,,Delhi,"Burari Crossing, New Delhi - IMD"
63,Delhi,India,64,17-03-2018 08:00:00,56,CO,56,37,,Delhi,"Burari Crossing, New Delhi - IMD"
64,Delhi,India,65,17-03-2018 08:00:00,18,OZONE,33,18,,Delhi,"Burari Crossing, New Delhi - IMD"
65,Delhi,India,66,17-03-2018 08:00:00,217,PM2.5,437,102,,Delhi,"CRRI Mathura Road, New Delhi - IMD"
66,Delhi,India,67,17-03-2018 08:00:00,152,PM10,273,85,,Delhi,"CRRI Mathura Road, New Delhi - IMD"
67,Delhi,India,68,17-03-2018 08:00:00,38,NO2,42,30,,Delhi,"CRRI Mathura Road, New Delhi - IMD"
68,Delhi,India,69,17-03-2018 08:00:00,67,CO,109,32,,Delhi,"CRRI Mathura Road, New Delhi - IMD"
69,Delhi,India,70,17-03-2018 08:00:00,28,OZONE,65,10,,Delhi,"CRRI Mathura Road, New Delhi - IMD"
70,Delhi,India,71,17-03-2018 08:00:00,208,PM2.5,378,42,,Delhi,"DTU, New Delhi - CPCB"
71,Delhi,India,72,17-03-2018 08:00:00,10,NO2,15,5,,Delhi,"DTU, New Delhi - CPCB"
72,Delhi,India,73,17-03-2018 08:00:00,9,NH3,10,8,,Delhi,"DTU, New Delhi - CPCB"
73,Delhi,India,74,17-03-2018 08:00:00,117,PM2.5,316,29,,Delhi,"IGI Airport Terminal - 3, New Delhi - IMD"
74,Delhi,India,75,17-03-2018 08:00:00,111,PM10,177,56,,Delhi,"IGI Airport Terminal - 3, New Delhi - IMD"
75,Delhi,India,76,17-03-2018 08:00:00,29,NO2,34,25,,Delhi,"IGI Airport Terminal - 3, New Delhi - IMD"
76,Delhi,India,77,17-03-2018 08:00:00,63,CO,96,56,,Delhi,"IGI Airport Terminal - 3, New Delhi - IMD"
77,Delhi,India,78,17-03-2018 08:00:00,41,OZONE,48,21,,Delhi,"IGI Airport Terminal - 3, New Delhi - IMD"
78,Delhi,India,79,17-03-2018 08:00:00,106,PM2.5,163,31,,Delhi,"IHBAS, Dilshad Garden,New Delhi - CPCB"
79,Delhi,India,80,17-03-2018 08:00:00,26,NO2,49,19,,Delhi,"IHBAS, Dilshad Garden,New Delhi - CPCB"
80,Delhi,India,81,17-03-2018 08:00:00,4,NH3,7,1,,Delhi,"IHBAS, Dilshad Garden,New Delhi - CPCB"
81,Delhi,India,82,17-03-2018 08:00:00,11,SO2,24,1,,Delhi,"IHBAS, Dilshad Garden,New Delhi - CPCB"
82,Delhi,India,83,17-03-2018 08:00:00,37,CO,55,10,,Delhi,"IHBAS, Dilshad Garden,New Delhi - CPCB"
83,Delhi,India,84,17-03-2018 08:00:00,118,PM2.5,347,27,,Delhi,"ITO, New Delhi - CPCB"
84,Delhi,India,85,17-03-2018 08:00:00,110,PM10,221,61,,Delhi,"ITO, New Delhi - CPCB"
85,Delhi,India,86,17-03-2018 08:00:00,75,NO2,104,48,,Delhi,"ITO, New Delhi - CPCB"
86,Delhi,India,87,17-03-2018 08:00:00,7,NH3,9,5,,Delhi,"ITO, New Delhi - CPCB"
87,Delhi,India,88,17-03-2018 08:00:00,NA,PM2.5,NA,NA,,Delhi,"Lodhi Road, New Delhi - IMD"
88,Delhi,India,89,17-03-2018 08:00:00,NA,PM10,NA,NA,,Delhi,"Lodhi Road, New Delhi - IMD"
89,Delhi,India,90,17-03-2018 08:00:00,NA,NO2,NA,NA,,Delhi,"Lodhi Road, New Delhi - IMD"
90,Delhi,India,91,17-03-2018 08:00:00,88,CO,126,29,,Delhi,"Lodhi Road, New Delhi - IMD"
91,Delhi,India,92,17-03-2018 08:00:00,54,OZONE,56,12,,Delhi,"Lodhi Road, New Delhi - IMD"
92,Delhi,India,93,17-03-2018 08:00:00,185,PM2.5,361,30,,Delhi,"Mandir Marg, New Delhi - DPCC"
93,Delhi,India,94,17-03-2018 08:00:00,158,PM10,256,97,,Delhi,"Mandir Marg, New Delhi - DPCC"
94,Delhi,India,95,17-03-2018 08:00:00,57,NO2,90,24,,Delhi,"Mandir Marg, New Delhi - DPCC"
95,Delhi,India,96,17-03-2018 08:00:00,4,NH3,6,3,,Delhi,"Mandir Marg, New Delhi - DPCC"
96,Delhi,India,97,17-03-2018 08:00:00,25,SO2,51,8,,Delhi,"Mandir Marg, New Delhi - DPCC"
97,Delhi,India,98,17-03-2018 08:00:00,23,CO,77,21,,Delhi,"Mandir Marg, New Delhi - DPCC"
98,Delhi,India,99,17-03-2018 08:00:00,86,OZONE,92,4,,Delhi,"Mandir Marg, New Delhi - DPCC"
99,Delhi,India,100,17-03-2018 08:00:00,206,PM2.5,300,92,,Delhi,"NSIT Dwarka, New Delhi - CPCB"
100,Delhi,India,101,17-03-2018 08:00:00,40,NO2,50,31,,Delhi,"NSIT Dwarka, New Delhi - CPCB"
101,Delhi,India,102,17-03-2018 08:00:00,17,SO2,27,8,,Delhi,"NSIT Dwarka, New Delhi - CPCB"
102,Delhi,India,103,17-03-2018 08:00:00,22,CO,33,17,,Delhi,"NSIT Dwarka, New Delhi - CPCB"
103,Delhi,India,104,17-03-2018 08:00:00,52,OZONE,59,7,,Delhi,"NSIT Dwarka, New Delhi - CPCB"
104,Delhi,India,105,17-03-2018 08:00:00,80,PM2.5,306,5,,Delhi,"North Campus, DU, New Delhi - IMD"
105,Delhi,India,106,17-03-2018 08:00:00,166,PM10,266,118,,Delhi,"North Campus, DU, New Delhi - IMD"
106,Delhi,India,107,17-03-2018 08:00:00,6,NO2,6,6,,Delhi,"North Campus, DU, New Delhi - IMD"
107,Delhi,India,108,17-03-2018 08:00:00,48,CO,58,43,,Delhi,"North Campus, DU, New Delhi - IMD"
108,Delhi,India,109,17-03-2018 08:00:00,17,OZONE,18,15,,Delhi,"North Campus, DU, New Delhi - IMD"
109,Delhi,India,110,17-03-2018 08:00:00,NA,PM2.5,NA,NA,,Delhi,"Punjabi Bagh, New Delhi - DPCC"
110,Delhi,India,111,17-03-2018 08:00:00,NA,PM10,NA,NA,,Delhi,"Punjabi Bagh, New Delhi - DPCC"
111,Delhi,India,112,17-03-2018 08:00:00,NA,NO2,NA,NA,,Delhi,"Punjabi Bagh, New Delhi - DPCC"
112,Delhi,India,113,17-03-2018 08:00:00,NA,NH3,NA,NA,,Delhi,"Punjabi Bagh, New Delhi - DPCC"
113,Delhi,India,114,17-03-2018 08:00:00,NA,SO2,NA,NA,,Delhi,"Punjabi Bagh, New Delhi - DPCC"
114,Delhi,India,115,17-03-2018 08:00:00,NA,CO,NA,NA,,Delhi,"Punjabi Bagh, New Delhi - DPCC"
115,Delhi,India,116,17-03-2018 08:00:00,NA,OZONE,NA,NA,,Delhi,"Punjabi Bagh, New Delhi - DPCC"
116,Delhi,India,117,17-03-2018 08:00:00,79,PM2.5,235,33,,Delhi,"Pusa, New Delhi - IMD"
117,Delhi,India,118,17-03-2018 08:00:00,110,PM10,201,75,,Delhi,"Pusa, New Delhi - IMD"
118,Delhi,India,119,17-03-2018 08:00:00,24,NO2,29,15,,Delhi,"Pusa, New Delhi - IMD"
119,Delhi,India,120,17-03-2018 08:00:00,101,CO,105,99,,Delhi,"Pusa, New Delhi - IMD"
120,Delhi,India,121,17-03-2018 08:00:00,7,OZONE,10,1,,Delhi,"Pusa, New Delhi - IMD"
121,Delhi,India,122,17-03-2018 08:00:00,228,PM2.5,358,78,,Delhi,"R K Puram, New Delhi - DPCC"
122,Delhi,India,123,17-03-2018 08:00:00,186,PM10,244,135,,Delhi,"R K Puram, New Delhi - DPCC"
123,Delhi,India,124,17-03-2018 08:00:00,83,NO2,114,35,,Delhi,"R K Puram, New Delhi - DPCC"
124,Delhi,India,125,17-03-2018 08:00:00,8,NH3,10,3,,Delhi,"R K Puram, New Delhi - DPCC"
125,Delhi,India,126,17-03-2018 08:00:00,40,SO2,105,4,,Delhi,"R K Puram, New Delhi - DPCC"
126,Delhi,India,127,17-03-2018 08:00:00,36,CO,103,30,,Delhi,"R K Puram, New Delhi - DPCC"
127,Delhi,India,128,17-03-2018 08:00:00,130,OZONE,132,6,,Delhi,"R K Puram, New Delhi - DPCC"
128,Delhi,India,129,17-03-2018 08:00:00,142,PM2.5,312,71,,Delhi,"Shadipur, New Delhi - CPCB"
129,Delhi,India,130,17-03-2018 08:00:00,39,NO2,59,23,,Delhi,"Shadipur, New Delhi - CPCB"
130,Delhi,India,131,17-03-2018 08:00:00,17,SO2,33,3,,Delhi,"Shadipur, New Delhi - CPCB"
131,Delhi,India,132,17-03-2018 08:00:00,38,CO,98,7,,Delhi,"Shadipur, New Delhi - CPCB"
132,Delhi,India,133,17-03-2018 08:00:00,70,OZONE,84,4,,Delhi,"Shadipur, New Delhi - CPCB"
133,Delhi,India,134,17-03-2018 08:00:00,157,PM2.5,339,29,,Delhi,"Sirifort, New Delhi - CPCB"
134,Delhi,India,135,17-03-2018 08:00:00,55,NO2,82,30,,Delhi,"Sirifort, New Delhi - CPCB"
135,Delhi,India,136,17-03-2018 08:00:00,6,NH3,9,4,,Delhi,"Sirifort, New Delhi - CPCB"
136,Ahmedabad,India,137,17-03-2018 08:00:00,245,PM2.5,431,84,,Gujarat,"Maninagar, Ahmedabad - GPCB"
137,Ahmedabad,India,138,17-03-2018 08:00:00,121,NO2,299,44,,Gujarat,"Maninagar, Ahmedabad - GPCB"
138,Ahmedabad,India,139,17-03-2018 08:00:00,87,SO2,133,17,,Gujarat,"Maninagar, Ahmedabad - GPCB"
139,Ahmedabad,India,140,17-03-2018 08:00:00,24,CO,156,1,,Gujarat,"Maninagar, Ahmedabad - GPCB"
140,Ahmedabad,India,141,17-03-2018 08:00:00,79,OZONE,101,11,,Gujarat,"Maninagar, Ahmedabad - GPCB"
141,Faridabad,India,142,17-03-2018 08:00:00,136,PM2.5,315,17,,Haryana,"Sector- 16A, Faridabad, Haryana - HSPCB"
142,Faridabad,India,143,17-03-2018 08:00:00,68,NO2,86,54,,Haryana,"Sector- 16A, Faridabad, Haryana - HSPCB"
143,Faridabad,India,144,17-03-2018 08:00:00,18,SO2,28,3,,Haryana,"Sector- 16A, Faridabad, Haryana - HSPCB"
144,Faridabad,India,145,17-03-2018 08:00:00,81,OZONE,96,2,,Haryana,"Sector- 16A, Faridabad, Haryana - HSPCB"
145,Gurgaon,India,146,17-03-2018 08:00:00,150,PM2.5,344,49,,Haryana,"Vikas Sadan, Gurgaon, Haryana - HSPCB"
146,Gurgaon,India,147,17-03-2018 08:00:00,30,NO2,32,27,,Haryana,"Vikas Sadan, Gurgaon, Haryana - HSPCB"
147,Gurgaon,India,148,17-03-2018 08:00:00,19,SO2,30,9,,Haryana,"Vikas Sadan, Gurgaon, Haryana - HSPCB"
148,Gurgaon,India,149,17-03-2018 08:00:00,32,CO,132,19,,Haryana,"Vikas Sadan, Gurgaon, Haryana - HSPCB"
149,Gurgaon,India,150,17-03-2018 08:00:00,103,OZONE,123,5,,Haryana,"Vikas Sadan, Gurgaon, Haryana - HSPCB"
150,Rohtak,India,151,17-03-2018 08:00:00,151,PM2.5,303,38,,Haryana,"MD University, Rohtak, Haryana - HSPCB"
151,Rohtak,India,152,17-03-2018 08:00:00,20,NO2,30,18,,Haryana,"MD University, Rohtak, Haryana - HSPCB"
152,Rohtak,India,153,17-03-2018 08:00:00,24,SO2,136,5,,Haryana,"MD University, Rohtak, Haryana - HSPCB"
153,Rohtak,India,154,17-03-2018 08:00:00,33,CO,73,2,,Haryana,"MD University, Rohtak, Haryana - HSPCB"
154,Rohtak,India,155,17-03-2018 08:00:00,27,OZONE,31,22,,Haryana,"MD University, Rohtak, Haryana - HSPCB"
155,Jorapokhar,India,156,17-03-2018 08:00:00,101,PM10,135,56,,Jharkhand,"Tata Stadium, Jorapokhar - JSPCB"
156,Jorapokhar,India,157,17-03-2018 08:00:00,11,NO2,13,8,,Jharkhand,"Tata Stadium, Jorapokhar - JSPCB"
157,Jorapokhar,India,158,17-03-2018 08:00:00,2,NH3,2,2,,Jharkhand,"Tata Stadium, Jorapokhar - JSPCB"
158,Jorapokhar,India,159,17-03-2018 08:00:00,106,SO2,130,61,,Jharkhand,"Tata Stadium, Jorapokhar - JSPCB"
159,Jorapokhar,India,160,17-03-2018 08:00:00,19,CO,39,1,,Jharkhand,"Tata Stadium, Jorapokhar - JSPCB"
160,Jorapokhar,India,161,17-03-2018 08:00:00,42,OZONE,53,17,,Jharkhand,"Tata Stadium, Jorapokhar - JSPCB"
161,Bengaluru,India,162,17-03-2018 08:00:00,40,PM2.5,62,17,,Karnataka,"BTM Layout, Bengaluru - CPCB"
162,Bengaluru,India,163,17-03-2018 08:00:00,52,NO2,101,27,,Karnataka,"BTM Layout, Bengaluru - CPCB"
163,Bengaluru,India,164,17-03-2018 08:00:00,5,SO2,8,3,,Karnataka,"BTM Layout, Bengaluru - CPCB"
164,Bengaluru,India,165,17-03-2018 08:00:00,37,CO,96,12,,Karnataka,"BTM Layout, Bengaluru - CPCB"
165,Bengaluru,India,166,17-03-2018 08:00:00,56,OZONE,79,4,,Karnataka,"BTM Layout, Bengaluru - CPCB"
166,Bengaluru,India,167,17-03-2018 08:00:00,40,PM2.5,72,17,,Karnataka,"BWSSB Kadabesanahalli, Bengaluru - CPCB"
167,Bengaluru,India,168,17-03-2018 08:00:00,26,NO2,59,17,,Karnataka,"BWSSB Kadabesanahalli, Bengaluru - CPCB"
168,Bengaluru,India,169,17-03-2018 08:00:00,2,SO2,4,1,,Karnataka,"BWSSB Kadabesanahalli, Bengaluru - CPCB"
169,Bengaluru,India,170,17-03-2018 08:00:00,72,CO,95,53,,Karnataka,"BWSSB Kadabesanahalli, Bengaluru - CPCB"
170,Bengaluru,India,171,17-03-2018 08:00:00,39,OZONE,69,2,,Karnataka,"BWSSB Kadabesanahalli, Bengaluru - CPCB"
171,Bengaluru,India,172,17-03-2018 08:00:00,NA,PM10,NA,NA,,Karnataka,"City Railway Station, Bengaluru - KSPCB"
172,Bengaluru,India,173,17-03-2018 08:00:00,NA,NO2,NA,NA,,Karnataka,"City Railway Station, Bengaluru - KSPCB"
173,Bengaluru,India,174,17-03-2018 08:00:00,NA,SO2,NA,NA,,Karnataka,"City Railway Station, Bengaluru - KSPCB"
174,Bengaluru,India,175,17-03-2018 08:00:00,84,CO,113,50,,Karnataka,"City Railway Station, Bengaluru - KSPCB"
175,Bengaluru,India,176,17-03-2018 08:00:00,129,PM2.5,500,1,,Karnataka,"Peenya, Bengaluru - CPCB"
176,Bengaluru,India,177,17-03-2018 08:00:00,10,NO2,21,4,,Karnataka,"Peenya, Bengaluru - CPCB"
177,Bengaluru,India,178,17-03-2018 08:00:00,16,NH3,20,6,,Karnataka,"Peenya, Bengaluru - CPCB"
178,Bengaluru,India,179,17-03-2018 08:00:00,11,SO2,17,4,,Karnataka,"Peenya, Bengaluru - CPCB"
179,Bengaluru,India,180,17-03-2018 08:00:00,43,CO,59,29,,Karnataka,"Peenya, Bengaluru - CPCB"
180,Bengaluru,India,181,17-03-2018 08:00:00,34,PM10,72,8,,Karnataka,"Sanegurava Halli, Bengaluru - KSPCB"
181,Bengaluru,India,182,17-03-2018 08:00:00,30,NO2,62,14,,Karnataka,"Sanegurava Halli, Bengaluru - KSPCB"
182,Bengaluru,India,183,17-03-2018 08:00:00,3,SO2,3,2,,Karnataka,"Sanegurava Halli, Bengaluru - KSPCB"
183,Bengaluru,India,184,17-03-2018 08:00:00,37,CO,54,16,,Karnataka,"Sanegurava Halli, Bengaluru - KSPCB"
184,Thiruvananthapuram,India,185,17-03-2018 08:00:00,32,PM2.5,71,11,,Kerala,"Plammoodu, Thiruvananthapuram - Kerala PCB"
185,Thiruvananthapuram,India,186,17-03-2018 08:00:00,36,PM10,66,23,,Kerala,"Plammoodu, Thiruvananthapuram - Kerala PCB"
186,Thiruvananthapuram,India,187,17-03-2018 08:00:00,14,NO2,24,6,,Kerala,"Plammoodu, Thiruvananthapuram - Kerala PCB"
187,Thiruvananthapuram,India,188,17-03-2018 08:00:00,1,NH3,2,1,,Kerala,"Plammoodu, Thiruvananthapuram - Kerala PCB"
188,Thiruvananthapuram,India,189,17-03-2018 08:00:00,7,SO2,17,2,,Kerala,"Plammoodu, Thiruvananthapuram - Kerala PCB"
189,Thiruvananthapuram,India,190,17-03-2018 08:00:00,50,CO,57,26,,Kerala,"Plammoodu, Thiruvananthapuram - Kerala PCB"
190,Thiruvananthapuram,India,191,17-03-2018 08:00:00,40,OZONE,68,24,,Kerala,"Plammoodu, Thiruvananthapuram - Kerala PCB"
191,Dewas,India,192,17-03-2018 08:00:00,84,PM2.5,217,35,,Madhya Pradesh,"Bhopal Chauraha, Dewas - MPPCB"
192,Dewas,India,193,17-03-2018 08:00:00,142,PM10,265,82,,Madhya Pradesh,"Bhopal Chauraha, Dewas - MPPCB"
193,Dewas,India,194,17-03-2018 08:00:00,28,NO2,76,5,,Madhya Pradesh,"Bhopal Chauraha, Dewas - MPPCB"
194,Dewas,India,195,17-03-2018 08:00:00,3,NH3,5,2,,Madhya Pradesh,"Bhopal Chauraha, Dewas - MPPCB"
195,Dewas,India,196,17-03-2018 08:00:00,21,SO2,101,8,,Madhya Pradesh,"Bhopal Chauraha, Dewas - MPPCB"
196,Dewas,India,197,17-03-2018 08:00:00,30,CO,82,12,,Madhya Pradesh,"Bhopal Chauraha, Dewas - MPPCB"
197,Dewas,India,198,17-03-2018 08:00:00,117,OZONE,143,29,,Madhya Pradesh,"Bhopal Chauraha, Dewas - MPPCB"
198,Mandideep,India,199,17-03-2018 08:00:00,128,PM2.5,299,54,,Madhya Pradesh,"Sector-D Industrial Area, Mandideep - MPPCB"
199,Mandideep,India,200,17-03-2018 08:00:00,176,PM10,281,120,,Madhya Pradesh,"Sector-D Industrial Area, Mandideep - MPPCB"
200,Mandideep,India,201,17-03-2018 08:00:00,24,NO2,59,2,,Madhya Pradesh,"Sector-D Industrial Area, Mandideep - MPPCB"
201,Mandideep,India,202,17-03-2018 08:00:00,4,NH3,8,2,,Madhya Pradesh,"Sector-D Industrial Area, Mandideep - MPPCB"
202,Mandideep,India,203,17-03-2018 08:00:00,33,SO2,61,18,,Madhya Pradesh,"Sector-D Industrial Area, Mandideep - MPPCB"
203,Mandideep,India,204,17-03-2018 08:00:00,66,CO,95,53,,Madhya Pradesh,"Sector-D Industrial Area, Mandideep - MPPCB"
204,Mandideep,India,205,17-03-2018 08:00:00,78,OZONE,93,20,,Madhya Pradesh,"Sector-D Industrial Area, Mandideep - MPPCB"
205,Pithampur,India,206,17-03-2018 08:00:00,60,PM2.5,196,30,,Madhya Pradesh,"Sector-2 Industrial Area, Pithampur - MPPCB"
206,Pithampur,India,207,17-03-2018 08:00:00,129,PM10,178,92,,Madhya Pradesh,"Sector-2 Industrial Area, Pithampur - MPPCB"
207,Pithampur,India,208,17-03-2018 08:00:00,13,NO2,32,5,,Madhya Pradesh,"Sector-2 Industrial Area, Pithampur - MPPCB"
208,Pithampur,India,209,17-03-2018 08:00:00,4,NH3,5,3,,Madhya Pradesh,"Sector-2 Industrial Area, Pithampur - MPPCB"
209,Pithampur,India,210,17-03-2018 08:00:00,18,SO2,75,8,,Madhya Pradesh,"Sector-2 Industrial Area, Pithampur - MPPCB"
210,Pithampur,India,211,17-03-2018 08:00:00,67,CO,74,19,,Madhya Pradesh,"Sector-2 Industrial Area, Pithampur - MPPCB"
211,Pithampur,India,212,17-03-2018 08:00:00,77,OZONE,92,45,,Madhya Pradesh,"Sector-2 Industrial Area, Pithampur - MPPCB"
212,Satna,India,213,17-03-2018 08:00:00,8,PM2.5,19,4,,Madhya Pradesh,"Bandhavgarh, Satna - MPPCB"
213,Satna,India,214,17-03-2018 08:00:00,139,PM10,500,45,,Madhya Pradesh,"Bandhavgarh, Satna - MPPCB"
214,Satna,India,215,17-03-2018 08:00:00,7,SO2,9,3,,Madhya Pradesh,"Bandhavgarh, Satna - MPPCB"
215,Satna,India,216,17-03-2018 08:00:00,96,CO,103,86,,Madhya Pradesh,"Bandhavgarh, Satna - MPPCB"
216,Singrauli,India,217,17-03-2018 08:00:00,101,PM2.5,218,59,,Madhya Pradesh,"Vindhyachal STPS, Singrauli - MPPCB"
217,Singrauli,India,218,17-03-2018 08:00:00,124,PM10,202,82,,Madhya Pradesh,"Vindhyachal STPS, Singrauli - MPPCB"
218,Singrauli,India,219,17-03-2018 08:00:00,22,NO2,88,9,,Madhya Pradesh,"Vindhyachal STPS, Singrauli - MPPCB"
219,Singrauli,India,220,17-03-2018 08:00:00,3,NH3,4,3,,Madhya Pradesh,"Vindhyachal STPS, Singrauli - MPPCB"
220,Singrauli,India,221,17-03-2018 08:00:00,16,SO2,37,8,,Madhya Pradesh,"Vindhyachal STPS, Singrauli - MPPCB"
221,Singrauli,India,222,17-03-2018 08:00:00,25,CO,63,3,,Madhya Pradesh,"Vindhyachal STPS, Singrauli - MPPCB"
222,Singrauli,India,223,17-03-2018 08:00:00,49,OZONE,60,13,,Madhya Pradesh,"Vindhyachal STPS, Singrauli - MPPCB"
223,Ujjain,India,224,17-03-2018 08:00:00,74,PM2.5,127,38,,Madhya Pradesh,"Mahakaleshwar Temple, Ujjain - MPPCB"
224,Ujjain,India,225,17-03-2018 08:00:00,142,PM10,229,103,,Madhya Pradesh,"Mahakaleshwar Temple, Ujjain - MPPCB"
225,Ujjain,India,226,17-03-2018 08:00:00,25,NO2,68,11,,Madhya Pradesh,"Mahakaleshwar Temple, Ujjain - MPPCB"
226,Ujjain,India,227,17-03-2018 08:00:00,8,NH3,10,6,,Madhya Pradesh,"Mahakaleshwar Temple, Ujjain - MPPCB"
227,Ujjain,India,228,17-03-2018 08:00:00,8,SO2,20,1,,Madhya Pradesh,"Mahakaleshwar Temple, Ujjain - MPPCB"
228,Ujjain,India,229,17-03-2018 08:00:00,19,CO,77,6,,Madhya Pradesh,"Mahakaleshwar Temple, Ujjain - MPPCB"
229,Ujjain,India,230,17-03-2018 08:00:00,163,OZONE,196,27,,Madhya Pradesh,"Mahakaleshwar Temple, Ujjain - MPPCB"
230,Aurangabad,India,231,17-03-2018 08:00:00,79,PM2.5,135,49,,Maharashtra,"More Chowk Waluj, Aurangabad - MPCB"
231,Aurangabad,India,232,17-03-2018 08:00:00,98,PM10,128,76,,Maharashtra,"More Chowk Waluj, Aurangabad - MPCB"
232,Aurangabad,India,233,17-03-2018 08:00:00,52,NO2,69,32,,Maharashtra,"More Chowk Waluj, Aurangabad - MPCB"
233,Aurangabad,India,234,17-03-2018 08:00:00,6,NH3,7,3,,Maharashtra,"More Chowk Waluj, Aurangabad - MPCB"
234,Aurangabad,India,235,17-03-2018 08:00:00,7,SO2,14,2,,Maharashtra,"More Chowk Waluj, Aurangabad - MPCB"
235,Aurangabad,India,236,17-03-2018 08:00:00,44,CO,99,25,,Maharashtra,"More Chowk Waluj, Aurangabad - MPCB"
236,Aurangabad,India,237,17-03-2018 08:00:00,96,OZONE,131,5,,Maharashtra,"More Chowk Waluj, Aurangabad - MPCB"
237,Chandrapur,India,238,17-03-2018 08:00:00,94,PM2.5,162,56,,Maharashtra,"Chandrapur, Chandrapur - MPCB"
238,Chandrapur,India,239,17-03-2018 08:00:00,87,PM10,140,42,,Maharashtra,"Chandrapur, Chandrapur - MPCB"
239,Chandrapur,India,240,17-03-2018 08:00:00,23,NO2,25,22,,Maharashtra,"Chandrapur, Chandrapur - MPCB"
240,Chandrapur,India,241,17-03-2018 08:00:00,5,NH3,8,4,,Maharashtra,"Chandrapur, Chandrapur - MPCB"
241,Chandrapur,India,242,17-03-2018 08:00:00,10,SO2,12,8,,Maharashtra,"Chandrapur, Chandrapur - MPCB"
242,Chandrapur,India,243,17-03-2018 08:00:00,26,CO,68,12,,Maharashtra,"Chandrapur, Chandrapur - MPCB"
243,Chandrapur,India,244,17-03-2018 08:00:00,19,OZONE,22,15,,Maharashtra,"Chandrapur, Chandrapur - MPCB"
244,Chandrapur,India,245,17-03-2018 08:00:00,20,PM2.5,69,1,,Maharashtra,"MIDC Khutala, Chandrapur - MPCB"
245,Chandrapur,India,246,17-03-2018 08:00:00,65,PM10,92,35,,Maharashtra,"MIDC Khutala, Chandrapur - MPCB"
246,Chandrapur,India,247,17-03-2018 08:00:00,8,NO2,58,1,,Maharashtra,"MIDC Khutala, Chandrapur - MPCB"
247,Chandrapur,India,248,17-03-2018 08:00:00,2,NH3,3,1,,Maharashtra,"MIDC Khutala, Chandrapur - MPCB"
248,Chandrapur,India,249,17-03-2018 08:00:00,1,SO2,7,1,,Maharashtra,"MIDC Khutala, Chandrapur - MPCB"
249,Chandrapur,India,250,17-03-2018 08:00:00,36,CO,57,28,,Maharashtra,"MIDC Khutala, Chandrapur - MPCB"
250,Chandrapur,India,251,17-03-2018 08:00:00,123,OZONE,176,3,,Maharashtra,"MIDC Khutala, Chandrapur - MPCB"
251,Mumbai,India,252,17-03-2018 08:00:00,131,PM2.5,304,16,,Maharashtra,"Bandra, Mumbai - MPCB"
252,Mumbai,India,253,17-03-2018 08:00:00,124,PM10,202,19,,Maharashtra,"Bandra, Mumbai - MPCB"
253,Mumbai,India,254,17-03-2018 08:00:00,34,NO2,54,23,,Maharashtra,"Bandra, Mumbai - MPCB"
254,Mumbai,India,255,17-03-2018 08:00:00,26,SO2,44,16,,Maharashtra,"Bandra, Mumbai - MPCB"
255,Mumbai,India,256,17-03-2018 08:00:00,63,CO,100,57,,Maharashtra,"Bandra, Mumbai - MPCB"
256,Mumbai,India,257,17-03-2018 08:00:00,166,OZONE,166,48,,Maharashtra,"Bandra, Mumbai - MPCB"
257,Nagpur,India,258,17-03-2018 08:00:00,108,PM2.5,168,64,,Maharashtra,"Opp GPO Civil Lines, Nagpur - MPCB"
258,Nagpur,India,259,17-03-2018 08:00:00,78,PM10,103,51,,Maharashtra,"Opp GPO Civil Lines, Nagpur - MPCB"
259,Nagpur,India,260,17-03-2018 08:00:00,33,NO2,80,12,,Maharashtra,"Opp GPO Civil Lines, Nagpur - MPCB"
260,Nagpur,India,261,17-03-2018 08:00:00,4,NH3,6,3,,Maharashtra,"Opp GPO Civil Lines, Nagpur - MPCB"
261,Nagpur,India,262,17-03-2018 08:00:00,18,SO2,80,2,,Maharashtra,"Opp GPO Civil Lines, Nagpur - MPCB"
262,Nagpur,India,263,17-03-2018 08:00:00,49,CO,62,28,,Maharashtra,"Opp GPO Civil Lines, Nagpur - MPCB"
263,Nagpur,India,264,17-03-2018 08:00:00,72,OZONE,95,14,,Maharashtra,"Opp GPO Civil Lines, Nagpur - MPCB"
264,Nashik,India,265,17-03-2018 08:00:00,NA,PM2.5,NA,NA,,Maharashtra,"Gangapur Road, Nashik - MPCB"
265,Nashik,India,266,17-03-2018 08:00:00,NA,PM10,NA,NA,,Maharashtra,"Gangapur Road, Nashik - MPCB"
266,Nashik,India,267,17-03-2018 08:00:00,NA,NO2,NA,NA,,Maharashtra,"Gangapur Road, Nashik - MPCB"
267,Nashik,India,268,17-03-2018 08:00:00,NA,NH3,NA,NA,,Maharashtra,"Gangapur Road, Nashik - MPCB"
268,Nashik,India,269,17-03-2018 08:00:00,NA,SO2,NA,NA,,Maharashtra,"Gangapur Road, Nashik - MPCB"
269,Nashik,India,270,17-03-2018 08:00:00,34,CO,116,10,,Maharashtra,"Gangapur Road, Nashik - MPCB"
270,Nashik,India,271,17-03-2018 08:00:00,154,OZONE,188,24,,Maharashtra,"Gangapur Road, Nashik - MPCB"
271,Navi Mumbai,India,272,17-03-2018 08:00:00,101,PM10,162,48,,Maharashtra,"Airoli, Navi Mumbai - MPCB"
272,Navi Mumbai,India,273,17-03-2018 08:00:00,39,SO2,45,32,,Maharashtra,"Airoli, Navi Mumbai - MPCB"
273,Navi Mumbai,India,274,17-03-2018 08:00:00,110,CO,110,109,,Maharashtra,"Airoli, Navi Mumbai - MPCB"
274,Pune,India,275,17-03-2018 08:00:00,90,PM2.5,148,61,,Maharashtra,"Karve Road Pune, Pune - MPCB"
275,Pune,India,276,17-03-2018 08:00:00,121,PM10,157,91,,Maharashtra,"Karve Road Pune, Pune - MPCB"
276,Pune,India,277,17-03-2018 08:00:00,28,NO2,35,20,,Maharashtra,"Karve Road Pune, Pune - MPCB"
277,Pune,India,278,17-03-2018 08:00:00,69,SO2,88,50,,Maharashtra,"Karve Road Pune, Pune - MPCB"
278,Pune,India,279,17-03-2018 08:00:00,55,CO,81,42,,Maharashtra,"Karve Road Pune, Pune - MPCB"
279,Pune,India,280,17-03-2018 08:00:00,18,OZONE,20,11,,Maharashtra,"Karve Road Pune, Pune - MPCB"
280,Solapur,India,281,17-03-2018 08:00:00,93,PM2.5,202,64,,Maharashtra,"Solapur, Solapur - MPCB"
281,Solapur,India,282,17-03-2018 08:00:00,92,PM10,151,63,,Maharashtra,"Solapur, Solapur - MPCB"
282,Solapur,India,283,17-03-2018 08:00:00,44,NO2,79,26,,Maharashtra,"Solapur, Solapur - MPCB"
283,Solapur,India,284,17-03-2018 08:00:00,20,SO2,21,20,,Maharashtra,"Solapur, Solapur - MPCB"
284,Solapur,India,285,17-03-2018 08:00:00,103,CO,112,78,,Maharashtra,"Solapur, Solapur - MPCB"
285,Solapur,India,286,17-03-2018 08:00:00,136,OZONE,150,22,,Maharashtra,"Solapur, Solapur - MPCB"
286,Thane,India,287,17-03-2018 08:00:00,77,PM2.5,131,47,,Maharashtra,"Pimpleshwar Mandir, Thane - MPCB"
287,Thane,India,288,17-03-2018 08:00:00,168,PM10,240,121,,Maharashtra,"Pimpleshwar Mandir, Thane - MPCB"
288,Thane,India,289,17-03-2018 08:00:00,84,NO2,118,55,,Maharashtra,"Pimpleshwar Mandir, Thane - MPCB"
289,Thane,India,290,17-03-2018 08:00:00,38,NH3,54,16,,Maharashtra,"Pimpleshwar Mandir, Thane - MPCB"
290,Thane,India,291,17-03-2018 08:00:00,18,SO2,55,7,,Maharashtra,"Pimpleshwar Mandir, Thane - MPCB"
291,Thane,India,292,17-03-2018 08:00:00,48,CO,123,28,,Maharashtra,"Pimpleshwar Mandir, Thane - MPCB"
292,Thane,India,293,17-03-2018 08:00:00,115,OZONE,149,1,,Maharashtra,"Pimpleshwar Mandir, Thane - MPCB"
293,Brajrajnagar,India,294,17-03-2018 08:00:00,151,PM2.5,338,55,,Odisha,"GM Office, Brajrajnagar - OSPCB"
294,Brajrajnagar,India,295,17-03-2018 08:00:00,112,PM10,181,78,,Odisha,"GM Office, Brajrajnagar - OSPCB"
295,Brajrajnagar,India,296,17-03-2018 08:00:00,24,NO2,46,13,,Odisha,"GM Office, Brajrajnagar - OSPCB"
296,Brajrajnagar,India,297,17-03-2018 08:00:00,3,NH3,4,2,,Odisha,"GM Office, Brajrajnagar - OSPCB"
297,Brajrajnagar,India,298,17-03-2018 08:00:00,20,SO2,24,19,,Odisha,"GM Office, Brajrajnagar - OSPCB"
298,Brajrajnagar,India,299,17-03-2018 08:00:00,123,CO,127,122,,Odisha,"GM Office, Brajrajnagar - OSPCB"
299,Brajrajnagar,India,300,17-03-2018 08:00:00,28,OZONE,44,4,,Odisha,"GM Office, Brajrajnagar - OSPCB"
300,Amritsar,India,301,17-03-2018 08:00:00,50,PM2.5,72,26,,Punjab,"Golden Temple, Amritsar - PPCB"
301,Amritsar,India,302,17-03-2018 08:00:00,93,PM10,123,57,,Punjab,"Golden Temple, Amritsar - PPCB"
302,Amritsar,India,303,17-03-2018 08:00:00,18,NO2,25,14,,Punjab,"Golden Temple, Amritsar - PPCB"
303,Amritsar,India,304,17-03-2018 08:00:00,2,NH3,3,2,,Punjab,"Golden Temple, Amritsar - PPCB"
304,Amritsar,India,305,17-03-2018 08:00:00,2,SO2,4,1,,Punjab,"Golden Temple, Amritsar - PPCB"
305,Amritsar,India,306,17-03-2018 08:00:00,39,CO,51,28,,Punjab,"Golden Temple, Amritsar - PPCB"
306,Amritsar,India,307,17-03-2018 08:00:00,41,OZONE,61,28,,Punjab,"Golden Temple, Amritsar - PPCB"
307,Jalandhar,India,308,17-03-2018 08:00:00,28,PM2.5,91,11,,Punjab,"Civil Line, Jalandhar - PPCB"
308,Jalandhar,India,309,17-03-2018 08:00:00,87,PM10,111,73,,Punjab,"Civil Line, Jalandhar - PPCB"
309,Jalandhar,India,310,17-03-2018 08:00:00,28,NO2,50,19,,Punjab,"Civil Line, Jalandhar - PPCB"
310,Jalandhar,India,311,17-03-2018 08:00:00,3,NH3,3,1,,Punjab,"Civil Line, Jalandhar - PPCB"
311,Jalandhar,India,312,17-03-2018 08:00:00,18,SO2,24,12,,Punjab,"Civil Line, Jalandhar - PPCB"
312,Jalandhar,India,313,17-03-2018 08:00:00,31,CO,47,29,,Punjab,"Civil Line, Jalandhar - PPCB"
313,Jalandhar,India,314,17-03-2018 08:00:00,42,OZONE,50,14,,Punjab,"Civil Line, Jalandhar - PPCB"
314,Ludhiana,India,315,17-03-2018 08:00:00,52,PM2.5,88,13,,Punjab,"Punjab Agricultural University, Ludhiana - PPCB"
315,Ludhiana,India,316,17-03-2018 08:00:00,NA,PM10,NA,NA,,Punjab,"Punjab Agricultural University, Ludhiana - PPCB"
316,Ludhiana,India,317,17-03-2018 08:00:00,27,NO2,28,26,,Punjab,"Punjab Agricultural University, Ludhiana - PPCB"
317,Ludhiana,India,318,17-03-2018 08:00:00,2,NH3,2,1,,Punjab,"Punjab Agricultural University, Ludhiana - PPCB"
318,Ludhiana,India,319,17-03-2018 08:00:00,13,SO2,45,1,,Punjab,"Punjab Agricultural University, Ludhiana - PPCB"
319,Ludhiana,India,320,17-03-2018 08:00:00,1,OZONE,2,1,,Punjab,"Punjab Agricultural University, Ludhiana - PPCB"
320,Mandi Gobindgarh,India,321,17-03-2018 08:00:00,130,PM2.5,308,20,,Punjab,"RIMT University, Mandi Gobindgarh - PPCB"
321,Mandi Gobindgarh,India,322,17-03-2018 08:00:00,105,PM10,184,52,,Punjab,"RIMT University, Mandi Gobindgarh - PPCB"
322,Mandi Gobindgarh,India,323,17-03-2018 08:00:00,40,NO2,74,12,,Punjab,"RIMT University, Mandi Gobindgarh - PPCB"
323,Mandi Gobindgarh,India,324,17-03-2018 08:00:00,8,NH3,10,5,,Punjab,"RIMT University, Mandi Gobindgarh - PPCB"
324,Mandi Gobindgarh,India,325,17-03-2018 08:00:00,30,SO2,97,3,,Punjab,"RIMT University, Mandi Gobindgarh - PPCB"
325,Mandi Gobindgarh,India,326,17-03-2018 08:00:00,84,CO,129,46,,Punjab,"RIMT University, Mandi Gobindgarh - PPCB"
326,Mandi Gobindgarh,India,327,17-03-2018 08:00:00,47,OZONE,61,2,,Punjab,"RIMT University, Mandi Gobindgarh - PPCB"
327,Patiala,India,328,17-03-2018 08:00:00,54,PM2.5,67,39,,Punjab,"Model Town, Patiala - PPCB"
328,Patiala,India,329,17-03-2018 08:00:00,80,PM10,96,64,,Punjab,"Model Town, Patiala - PPCB"
329,Patiala,India,330,17-03-2018 08:00:00,NA,NO2,NA,NA,,Punjab,"Model Town, Patiala - PPCB"
330,Patiala,India,331,17-03-2018 08:00:00,NA,NH3,NA,NA,,Punjab,"Model Town, Patiala - PPCB"
331,Patiala,India,332,17-03-2018 08:00:00,14,SO2,112,1,,Punjab,"Model Town, Patiala - PPCB"
332,Patiala,India,333,17-03-2018 08:00:00,26,CO,56,17,,Punjab,"Model Town, Patiala - PPCB"
333,Patiala,India,334,17-03-2018 08:00:00,43,OZONE,65,11,,Punjab,"Model Town, Patiala - PPCB"
334,Ajmer,India,335,17-03-2018 08:00:00,69,PM2.5,139,35,,Rajasthan,"Civil Lines, Ajmer - RSPCB"
335,Ajmer,India,336,17-03-2018 08:00:00,90,PM10,146,53,,Rajasthan,"Civil Lines, Ajmer - RSPCB"
336,Ajmer,India,337,17-03-2018 08:00:00,49,NO2,112,13,,Rajasthan,"Civil Lines, Ajmer - RSPCB"
337,Ajmer,India,338,17-03-2018 08:00:00,8,NH3,13,5,,Rajasthan,"Civil Lines, Ajmer - RSPCB"
338,Ajmer,India,339,17-03-2018 08:00:00,13,SO2,37,3,,Rajasthan,"Civil Lines, Ajmer - RSPCB"
339,Ajmer,India,340,17-03-2018 08:00:00,23,CO,105,10,,Rajasthan,"Civil Lines, Ajmer - RSPCB"
340,Alwar,India,341,17-03-2018 08:00:00,NA,PM2.5,NA,NA,,Rajasthan,"Moti Doongri, Alwar, Rajasthan - RSPCB"
341,Alwar,India,342,17-03-2018 08:00:00,73,PM10,112,45,,Rajasthan,"Moti Doongri, Alwar, Rajasthan - RSPCB"
342,Alwar,India,343,17-03-2018 08:00:00,12,NO2,31,4,,Rajasthan,"Moti Doongri, Alwar, Rajasthan - RSPCB"
343,Alwar,India,344,17-03-2018 08:00:00,9,SO2,23,1,,Rajasthan,"Moti Doongri, Alwar, Rajasthan - RSPCB"
344,Alwar,India,345,17-03-2018 08:00:00,13,CO,59,8,,Rajasthan,"Moti Doongri, Alwar, Rajasthan - RSPCB"
345,Bhiwadi,India,346,17-03-2018 08:00:00,267,PM2.5,428,90,,Rajasthan,"RIICO Ind. Area III, Bhiwadi, Rajasthan - RSPCB"
346,Bhiwadi,India,347,17-03-2018 08:00:00,244,PM10,434,146,,Rajasthan,"RIICO Ind. Area III, Bhiwadi, Rajasthan - RSPCB"
347,Bhiwadi,India,348,17-03-2018 08:00:00,111,NO2,175,68,,Rajasthan,"RIICO Ind. Area III, Bhiwadi, Rajasthan - RSPCB"
348,Bhiwadi,India,349,17-03-2018 08:00:00,NA,NH3,NA,NA,,Rajasthan,"RIICO Ind. Area III, Bhiwadi, Rajasthan - RSPCB"
349,Bhiwadi,India,350,17-03-2018 08:00:00,77,SO2,121,18,,Rajasthan,"RIICO Ind. Area III, Bhiwadi, Rajasthan - RSPCB"
350,Bhiwadi,India,351,17-03-2018 08:00:00,25,CO,62,3,,Rajasthan,"RIICO Ind. Area III, Bhiwadi, Rajasthan - RSPCB"
351,Jaipur,India,352,17-03-2018 08:00:00,59,PM2.5,96,30,,Rajasthan,"Adarsh Nagar, Jaipur - RSPCB"
352,Jaipur,India,353,17-03-2018 08:00:00,110,PM10,131,71,,Rajasthan,"Adarsh Nagar, Jaipur - RSPCB"
353,Jaipur,India,354,17-03-2018 08:00:00,55,NO2,109,21,,Rajasthan,"Adarsh Nagar, Jaipur - RSPCB"
354,Jaipur,India,355,17-03-2018 08:00:00,5,NH3,8,3,,Rajasthan,"Adarsh Nagar, Jaipur - RSPCB"
355,Jaipur,India,356,17-03-2018 08:00:00,14,SO2,33,2,,Rajasthan,"Adarsh Nagar, Jaipur - RSPCB"
356,Jaipur,India,357,17-03-2018 08:00:00,35,CO,84,14,,Rajasthan,"Adarsh Nagar, Jaipur - RSPCB"
357,Jaipur,India,358,17-03-2018 08:00:00,89,OZONE,140,12,,Rajasthan,"Adarsh Nagar, Jaipur - RSPCB"
358,Jaipur,India,359,17-03-2018 08:00:00,88,PM2.5,159,37,,Rajasthan,"Police Commissionerate, Jaipur - RSPCB"
359,Jaipur,India,360,17-03-2018 08:00:00,107,PM10,145,57,,Rajasthan,"Police Commissionerate, Jaipur - RSPCB"
360,Jaipur,India,361,17-03-2018 08:00:00,38,NO2,38,37,,Rajasthan,"Police Commissionerate, Jaipur - RSPCB"
361,Jaipur,India,362,17-03-2018 08:00:00,4,NH3,4,4,,Rajasthan,"Police Commissionerate, Jaipur - RSPCB"
362,Jaipur,India,363,17-03-2018 08:00:00,15,SO2,23,8,,Rajasthan,"Police Commissionerate, Jaipur - RSPCB"
363,Jaipur,India,364,17-03-2018 08:00:00,35,CO,104,1,,Rajasthan,"Police Commissionerate, Jaipur - RSPCB"
364,Jaipur,India,365,17-03-2018 08:00:00,72,PM2.5,125,28,,Rajasthan,"Shastri Nagar, Jaipur - RSPCB"
365,Jaipur,India,366,17-03-2018 08:00:00,110,PM10,152,72,,Rajasthan,"Shastri Nagar, Jaipur - RSPCB"
366,Jaipur,India,367,17-03-2018 08:00:00,43,NO2,98,11,,Rajasthan,"Shastri Nagar, Jaipur - RSPCB"
367,Jaipur,India,368,17-03-2018 08:00:00,5,NH3,8,2,,Rajasthan,"Shastri Nagar, Jaipur - RSPCB"
368,Jaipur,India,369,17-03-2018 08:00:00,13,SO2,26,2,,Rajasthan,"Shastri Nagar, Jaipur - RSPCB"
369,Jaipur,India,370,17-03-2018 08:00:00,16,CO,69,1,,Rajasthan,"Shastri Nagar, Jaipur - RSPCB"
370,Jaipur,India,371,17-03-2018 08:00:00,109,OZONE,164,33,,Rajasthan,"Shastri Nagar, Jaipur - RSPCB"
371,Jodhpur,India,372,17-03-2018 08:00:00,238,PM2.5,341,38,,Rajasthan,"Collectorate, Jodhpur - RSPCB"
372,Jodhpur,India,373,17-03-2018 08:00:00,182,PM10,248,5,,Rajasthan,"Collectorate, Jodhpur - RSPCB"
373,Jodhpur,India,374,17-03-2018 08:00:00,58,NO2,105,23,,Rajasthan,"Collectorate, Jodhpur - RSPCB"
374,Jodhpur,India,375,17-03-2018 08:00:00,8,SO2,12,5,,Rajasthan,"Collectorate, Jodhpur - RSPCB"
375,Jodhpur,India,376,17-03-2018 08:00:00,55,CO,115,1,,Rajasthan,"Collectorate, Jodhpur - RSPCB"
376,Jodhpur,India,377,17-03-2018 08:00:00,72,OZONE,161,23,,Rajasthan,"Collectorate, Jodhpur - RSPCB"
377,Kota,India,378,17-03-2018 08:00:00,113,PM2.5,180,51,,Rajasthan,"Shrinath Puram, Kota - RSPCB"
378,Kota,India,379,17-03-2018 08:00:00,156,PM10,226,98,,Rajasthan,"Shrinath Puram, Kota - RSPCB"
379,Kota,India,380,17-03-2018 08:00:00,26,NO2,42,13,,Rajasthan,"Shrinath Puram, Kota - RSPCB"
380,Kota,India,381,17-03-2018 08:00:00,1,NH3,2,1,,Rajasthan,"Shrinath Puram, Kota - RSPCB"
381,Kota,India,382,17-03-2018 08:00:00,33,SO2,108,7,,Rajasthan,"Shrinath Puram, Kota - RSPCB"
382,Kota,India,383,17-03-2018 08:00:00,39,CO,109,11,,Rajasthan,"Shrinath Puram, Kota - RSPCB"
383,Pali,India,384,17-03-2018 08:00:00,170,PM2.5,260,96,,Rajasthan,"Indira Colony Vistar, Pali - RSPCB"
384,Pali,India,385,17-03-2018 08:00:00,128,PM10,183,98,,Rajasthan,"Indira Colony Vistar, Pali - RSPCB"
385,Pali,India,386,17-03-2018 08:00:00,10,NO2,22,6,,Rajasthan,"Indira Colony Vistar, Pali - RSPCB"
386,Pali,India,387,17-03-2018 08:00:00,8,NH3,11,5,,Rajasthan,"Indira Colony Vistar, Pali - RSPCB"
387,Pali,India,388,17-03-2018 08:00:00,19,SO2,44,2,,Rajasthan,"Indira Colony Vistar, Pali - RSPCB"
388,Pali,India,389,17-03-2018 08:00:00,25,CO,80,8,,Rajasthan,"Indira Colony Vistar, Pali - RSPCB"
389,Pali,India,390,17-03-2018 08:00:00,72,OZONE,88,20,,Rajasthan,"Indira Colony Vistar, Pali - RSPCB"
390,Udaipur,India,391,17-03-2018 08:00:00,198,PM2.5,307,83,,Rajasthan,"Ashok Nagar, Udaipur - RSPCB"
391,Udaipur,India,392,17-03-2018 08:00:00,127,PM10,174,84,,Rajasthan,"Ashok Nagar, Udaipur - RSPCB"
392,Udaipur,India,393,17-03-2018 08:00:00,26,NO2,33,18,,Rajasthan,"Ashok Nagar, Udaipur - RSPCB"
393,Udaipur,India,394,17-03-2018 08:00:00,10,NH3,19,7,,Rajasthan,"Ashok Nagar, Udaipur - RSPCB"
394,Udaipur,India,395,17-03-2018 08:00:00,8,SO2,22,1,,Rajasthan,"Ashok Nagar, Udaipur - RSPCB"
395,Udaipur,India,396,17-03-2018 08:00:00,68,CO,139,2,,Rajasthan,"Ashok Nagar, Udaipur - RSPCB"
396,Chennai,India,397,17-03-2018 08:00:00,42,PM2.5,86,20,,TamilNadu,"Alandur Bus Depot, Chennai - CPCB"
397,Chennai,India,398,17-03-2018 08:00:00,9,NO2,12,3,,TamilNadu,"Alandur Bus Depot, Chennai - CPCB"
398,Chennai,India,399,17-03-2018 08:00:00,8,SO2,11,6,,TamilNadu,"Alandur Bus Depot, Chennai - CPCB"
399,Chennai,India,400,17-03-2018 08:00:00,54,CO,104,26,,TamilNadu,"Alandur Bus Depot, Chennai - CPCB"
400,Chennai,India,401,17-03-2018 08:00:00,32,OZONE,45,4,,TamilNadu,"Alandur Bus Depot, Chennai - CPCB"
401,Chennai,India,402,17-03-2018 08:00:00,54,PM2.5,98,28,,TamilNadu,"IIT, Chennai - CPCB"
402,Chennai,India,403,17-03-2018 08:00:00,39,NO2,95,15,,TamilNadu,"IIT, Chennai - CPCB"
403,Chennai,India,404,17-03-2018 08:00:00,6,SO2,11,2,,TamilNadu,"IIT, Chennai - CPCB"
404,Chennai,India,405,17-03-2018 08:00:00,54,CO,79,34,,TamilNadu,"IIT, Chennai - CPCB"
405,Chennai,India,406,17-03-2018 08:00:00,34,OZONE,44,5,,TamilNadu,"IIT, Chennai - CPCB"
406,Chennai,India,407,17-03-2018 08:00:00,86,PM2.5,253,17,,TamilNadu,"Manali, Chennai - CPCB"
407,Chennai,India,408,17-03-2018 08:00:00,30,NO2,50,12,,TamilNadu,"Manali, Chennai - CPCB"
408,Chennai,India,409,17-03-2018 08:00:00,5,NH3,13,2,,TamilNadu,"Manali, Chennai - CPCB"
409,Chennai,India,410,17-03-2018 08:00:00,15,SO2,32,8,,TamilNadu,"Manali, Chennai - CPCB"
410,Chennai,India,411,17-03-2018 08:00:00,28,CO,50,13,,TamilNadu,"Manali, Chennai - CPCB"
411,Hyderabad,India,412,17-03-2018 08:00:00,98,PM2.5,142,54,,Telangana,"Bollaram Industrial Area, Hyderabad - TSPCB"
412,Hyderabad,India,413,17-03-2018 08:00:00,79,PM10,106,58,,Telangana,"Bollaram Industrial Area, Hyderabad - TSPCB"
413,Hyderabad,India,414,17-03-2018 08:00:00,19,NO2,27,10,,Telangana,"Bollaram Industrial Area, Hyderabad - TSPCB"
414,Hyderabad,India,415,17-03-2018 08:00:00,5,NH3,7,4,,Telangana,"Bollaram Industrial Area, Hyderabad - TSPCB"
415,Hyderabad,India,416,17-03-2018 08:00:00,7,SO2,10,5,,Telangana,"Bollaram Industrial Area, Hyderabad - TSPCB"
416,Hyderabad,India,417,17-03-2018 08:00:00,23,CO,44,9,,Telangana,"Bollaram Industrial Area, Hyderabad - TSPCB"
417,Hyderabad,India,418,17-03-2018 08:00:00,57,OZONE,64,33,,Telangana,"Bollaram Industrial Area, Hyderabad - TSPCB"
418,Hyderabad,India,419,17-03-2018 08:00:00,78,PM2.5,112,43,,Telangana,"Central University, Hyderabad - TSPCB"
419,Hyderabad,India,420,17-03-2018 08:00:00,83,PM10,108,62,,Telangana,"Central University, Hyderabad - TSPCB"
420,Hyderabad,India,421,17-03-2018 08:00:00,47,NO2,61,38,,Telangana,"Central University, Hyderabad - TSPCB"
421,Hyderabad,India,422,17-03-2018 08:00:00,7,NH3,9,5,,Telangana,"Central University, Hyderabad - TSPCB"
422,Hyderabad,India,423,17-03-2018 08:00:00,3,SO2,5,1,,Telangana,"Central University, Hyderabad - TSPCB"
423,Hyderabad,India,424,17-03-2018 08:00:00,54,CO,72,28,,Telangana,"Central University, Hyderabad - TSPCB"
424,Hyderabad,India,425,17-03-2018 08:00:00,86,OZONE,101,45,,Telangana,"Central University, Hyderabad - TSPCB"
425,Hyderabad,India,426,17-03-2018 08:00:00,87,PM2.5,129,45,,Telangana,"ICRISAT Patancheru, Hyderabad - TSPCB"
426,Hyderabad,India,427,17-03-2018 08:00:00,76,PM10,93,57,,Telangana,"ICRISAT Patancheru, Hyderabad - TSPCB"
427,Hyderabad,India,428,17-03-2018 08:00:00,19,NO2,28,12,,Telangana,"ICRISAT Patancheru, Hyderabad - TSPCB"
428,Hyderabad,India,429,17-03-2018 08:00:00,4,NH3,4,3,,Telangana,"ICRISAT Patancheru, Hyderabad - TSPCB"
429,Hyderabad,India,430,17-03-2018 08:00:00,16,SO2,28,4,,Telangana,"ICRISAT Patancheru, Hyderabad - TSPCB"
430,Hyderabad,India,431,17-03-2018 08:00:00,23,CO,54,4,,Telangana,"ICRISAT Patancheru, Hyderabad - TSPCB"
431,Hyderabad,India,432,17-03-2018 08:00:00,71,OZONE,77,30,,Telangana,"ICRISAT Patancheru, Hyderabad - TSPCB"
432,Hyderabad,India,433,17-03-2018 08:00:00,105,PM2.5,162,53,,Telangana,"IDA Pashamylaram, Hyderabad - TSPCB"
433,Hyderabad,India,434,17-03-2018 08:00:00,85,PM10,120,54,,Telangana,"IDA Pashamylaram, Hyderabad - TSPCB"
434,Hyderabad,India,435,17-03-2018 08:00:00,64,NO2,92,46,,Telangana,"IDA Pashamylaram, Hyderabad - TSPCB"
435,Hyderabad,India,436,17-03-2018 08:00:00,6,NH3,9,4,,Telangana,"IDA Pashamylaram, Hyderabad - TSPCB"
436,Hyderabad,India,437,17-03-2018 08:00:00,4,SO2,7,2,,Telangana,"IDA Pashamylaram, Hyderabad - TSPCB"
437,Hyderabad,India,438,17-03-2018 08:00:00,44,CO,53,41,,Telangana,"IDA Pashamylaram, Hyderabad - TSPCB"
438,Hyderabad,India,439,17-03-2018 08:00:00,47,OZONE,58,7,,Telangana,"IDA Pashamylaram, Hyderabad - TSPCB"
439,Hyderabad,India,440,17-03-2018 08:00:00,99,PM2.5,132,58,,Telangana,"Sanathnagar, Hyderabad - TSPCB"
440,Hyderabad,India,441,17-03-2018 08:00:00,28,NO2,42,19,,Telangana,"Sanathnagar, Hyderabad - TSPCB"
441,Hyderabad,India,442,17-03-2018 08:00:00,8,SO2,11,6,,Telangana,"Sanathnagar, Hyderabad - TSPCB"
442,Hyderabad,India,443,17-03-2018 08:00:00,25,CO,43,18,,Telangana,"Sanathnagar, Hyderabad - TSPCB"
443,Hyderabad,India,444,17-03-2018 08:00:00,48,OZONE,60,20,,Telangana,"Sanathnagar, Hyderabad - TSPCB"
444,Hyderabad,India,445,17-03-2018 08:00:00,99,PM2.5,139,65,,Telangana,"Zoo Park, Hyderabad - TSPCB"
445,Hyderabad,India,446,17-03-2018 08:00:00,84,PM10,98,65,,Telangana,"Zoo Park, Hyderabad - TSPCB"
446,Hyderabad,India,447,17-03-2018 08:00:00,67,NO2,82,43,,Telangana,"Zoo Park, Hyderabad - TSPCB"
447,Hyderabad,India,448,17-03-2018 08:00:00,7,NH3,8,5,,Telangana,"Zoo Park, Hyderabad - TSPCB"
448,Hyderabad,India,449,17-03-2018 08:00:00,6,SO2,10,4,,Telangana,"Zoo Park, Hyderabad - TSPCB"
449,Hyderabad,India,450,17-03-2018 08:00:00,53,CO,60,40,,Telangana,"Zoo Park, Hyderabad - TSPCB"
450,Hyderabad,India,451,17-03-2018 08:00:00,50,OZONE,76,24,,Telangana,"Zoo Park, Hyderabad - TSPCB"
451,Agra,India,452,17-03-2018 08:00:00,200,PM2.5,351,37,,Uttar_Pradesh,"Sanjay Palace, Agra - UPPCB"
452,Agra,India,453,17-03-2018 08:00:00,57,NO2,64,50,,Uttar_Pradesh,"Sanjay Palace, Agra - UPPCB"
453,Agra,India,454,17-03-2018 08:00:00,6,SO2,14,1,,Uttar_Pradesh,"Sanjay Palace, Agra - UPPCB"
454,Agra,India,455,17-03-2018 08:00:00,25,CO,110,12,,Uttar_Pradesh,"Sanjay Palace, Agra - UPPCB"
455,Agra,India,456,17-03-2018 08:00:00,13,OZONE,15,12,,Uttar_Pradesh,"Sanjay Palace, Agra - UPPCB"
456,Ghaziabad,India,457,17-03-2018 08:00:00,160,PM2.5,312,33,,Uttar_Pradesh,"Vasundhara, Ghaziabad, UP - UPPCB"
457,Ghaziabad,India,458,17-03-2018 08:00:00,188,PM10,320,146,,Uttar_Pradesh,"Vasundhara, Ghaziabad, UP - UPPCB"
458,Ghaziabad,India,459,17-03-2018 08:00:00,69,NO2,105,36,,Uttar_Pradesh,"Vasundhara, Ghaziabad, UP - UPPCB"
459,Ghaziabad,India,460,17-03-2018 08:00:00,11,NH3,13,9,,Uttar_Pradesh,"Vasundhara, Ghaziabad, UP - UPPCB"
460,Ghaziabad,India,461,17-03-2018 08:00:00,44,SO2,103,20,,Uttar_Pradesh,"Vasundhara, Ghaziabad, UP - UPPCB"
461,Ghaziabad,India,462,17-03-2018 08:00:00,32,CO,60,11,,Uttar_Pradesh,"Vasundhara, Ghaziabad, UP - UPPCB"
462,Ghaziabad,India,463,17-03-2018 08:00:00,49,OZONE,56,6,,Uttar_Pradesh,"Vasundhara, Ghaziabad, UP - UPPCB"
463,Kanpur,India,464,17-03-2018 08:00:00,120,PM2.5,323,43,,Uttar_Pradesh,"Nehru Nagar, Kanpur - UPPCB"
464,Kanpur,India,465,17-03-2018 08:00:00,71,NO2,115,37,,Uttar_Pradesh,"Nehru Nagar, Kanpur - UPPCB"
465,Kanpur,India,466,17-03-2018 08:00:00,19,SO2,87,8,,Uttar_Pradesh,"Nehru Nagar, Kanpur - UPPCB"
466,Kanpur,India,467,17-03-2018 08:00:00,58,CO,108,23,,Uttar_Pradesh,"Nehru Nagar, Kanpur - UPPCB"
467,Kanpur,India,468,17-03-2018 08:00:00,36,OZONE,40,11,,Uttar_Pradesh,"Nehru Nagar, Kanpur - UPPCB"
468,Lucknow,India,469,17-03-2018 08:00:00,145,PM2.5,284,57,,Uttar_Pradesh,"Central School, Lucknow - CPCB"
469,Lucknow,India,470,17-03-2018 08:00:00,65,NO2,78,56,,Uttar_Pradesh,"Central School, Lucknow - CPCB"
470,Lucknow,India,471,17-03-2018 08:00:00,3,SO2,9,1,,Uttar_Pradesh,"Central School, Lucknow - CPCB"
471,Lucknow,India,472,17-03-2018 08:00:00,39,CO,90,17,,Uttar_Pradesh,"Central School, Lucknow - CPCB"
472,Lucknow,India,473,17-03-2018 08:00:00,59,OZONE,67,15,,Uttar_Pradesh,"Central School, Lucknow - CPCB"
473,Lucknow,India,474,17-03-2018 08:00:00,247,PM2.5,327,112,,Uttar_Pradesh,"Lalbagh, Lucknow - CPCB"
474,Lucknow,India,475,17-03-2018 08:00:00,50,NO2,111,28,,Uttar_Pradesh,"Lalbagh, Lucknow - CPCB"
475,Lucknow,India,476,17-03-2018 08:00:00,15,SO2,25,9,,Uttar_Pradesh,"Lalbagh, Lucknow - CPCB"
476,Lucknow,India,477,17-03-2018 08:00:00,38,CO,69,7,,Uttar_Pradesh,"Lalbagh, Lucknow - CPCB"
477,Lucknow,India,478,17-03-2018 08:00:00,87,OZONE,130,18,,Uttar_Pradesh,"Lalbagh, Lucknow - CPCB"
478,Lucknow,India,479,17-03-2018 08:00:00,104,PM2.5,372,27,,Uttar_Pradesh,"Nishant Ganj, Lucknow - UPPCB"
479,Lucknow,India,480,17-03-2018 08:00:00,32,NO2,98,10,,Uttar_Pradesh,"Nishant Ganj, Lucknow - UPPCB"
480,Lucknow,India,481,17-03-2018 08:00:00,18,SO2,25,11,,Uttar_Pradesh,"Nishant Ganj, Lucknow - UPPCB"
481,Lucknow,India,482,17-03-2018 08:00:00,16,CO,61,5,,Uttar_Pradesh,"Nishant Ganj, Lucknow - UPPCB"
482,Lucknow,India,483,17-03-2018 08:00:00,53,OZONE,58,8,,Uttar_Pradesh,"Nishant Ganj, Lucknow - UPPCB"
483,Lucknow,India,484,17-03-2018 08:00:00,246,PM2.5,344,104,,Uttar_Pradesh,"Talkatora District Industries Center, Lucknow - CPCB"
484,Lucknow,India,485,17-03-2018 08:00:00,59,NO2,161,48,,Uttar_Pradesh,"Talkatora District Industries Center, Lucknow - CPCB"
485,Lucknow,India,486,17-03-2018 08:00:00,10,NH3,11,5,,Uttar_Pradesh,"Talkatora District Industries Center, Lucknow - CPCB"
486,Lucknow,India,487,17-03-2018 08:00:00,19,SO2,34,5,,Uttar_Pradesh,"Talkatora District Industries Center, Lucknow - CPCB"
487,Lucknow,India,488,17-03-2018 08:00:00,28,CO,58,13,,Uttar_Pradesh,"Talkatora District Industries Center, Lucknow - CPCB"
488,Moradabad,India,489,17-03-2018 08:00:00,187,PM2.5,500,16,,Uttar_Pradesh,"Lajpat Nagar, Moradabad - UPPCB"
489,Moradabad,India,490,17-03-2018 08:00:00,NA,PM10,NA,NA,,Uttar_Pradesh,"Lajpat Nagar, Moradabad - UPPCB"
490,Moradabad,India,491,17-03-2018 08:00:00,45,NO2,68,31,,Uttar_Pradesh,"Lajpat Nagar, Moradabad - UPPCB"
491,Moradabad,India,492,17-03-2018 08:00:00,28,SO2,46,9,,Uttar_Pradesh,"Lajpat Nagar, Moradabad - UPPCB"
492,Moradabad,India,493,17-03-2018 08:00:00,33,CO,57,13,,Uttar_Pradesh,"Lajpat Nagar, Moradabad - UPPCB"
493,Moradabad,India,494,17-03-2018 08:00:00,68,OZONE,77,11,,Uttar_Pradesh,"Lajpat Nagar, Moradabad - UPPCB"
494,Noida,India,495,17-03-2018 08:00:00,144,PM2.5,371,33,,Uttar_Pradesh,"Sector - 125, Noida, UP - UPPCB"
495,Noida,India,496,17-03-2018 08:00:00,172,PM10,361,118,,Uttar_Pradesh,"Sector - 125, Noida, UP - UPPCB"
496,Noida,India,497,17-03-2018 08:00:00,45,NO2,101,4,,Uttar_Pradesh,"Sector - 125, Noida, UP - UPPCB"
497,Noida,India,498,17-03-2018 08:00:00,9,NH3,11,6,,Uttar_Pradesh,"Sector - 125, Noida, UP - UPPCB"
498,Noida,India,499,17-03-2018 08:00:00,32,SO2,83,15,,Uttar_Pradesh,"Sector - 125, Noida, UP - UPPCB"
499,Noida,India,500,17-03-2018 08:00:00,21,CO,58,15,,Uttar_Pradesh,"Sector - 125, Noida, UP - UPPCB"
500,Noida,India,501,17-03-2018 08:00:00,88,OZONE,105,2,,Uttar_Pradesh,"Sector - 125, Noida, UP - UPPCB"
501,Noida,India,502,17-03-2018 08:00:00,NA,PM2.5,NA,NA,,Uttar_Pradesh,"Sector - 62, Noida, UP - IMD"
502,Noida,India,503,17-03-2018 08:00:00,61,PM10,269,17,,Uttar_Pradesh,"Sector - 62, Noida, UP - IMD"
503,Noida,India,504,17-03-2018 08:00:00,17,NO2,18,14,,Uttar_Pradesh,"Sector - 62, Noida, UP - IMD"
504,Noida,India,505,17-03-2018 08:00:00,66,CO,119,32,,Uttar_Pradesh,"Sector - 62, Noida, UP - IMD"
505,Noida,India,506,17-03-2018 08:00:00,46,OZONE,58,26,,Uttar_Pradesh,"Sector - 62, Noida, UP - IMD"
506,Varanasi,India,507,17-03-2018 08:00:00,175,PM2.5,354,51,,Uttar_Pradesh,"Ardhali Bazar, Varanasi - UPPCB"
507,Varanasi,India,508,17-03-2018 08:00:00,205,PM10,394,144,,Uttar_Pradesh,"Ardhali Bazar, Varanasi - UPPCB"
508,Varanasi,India,509,17-03-2018 08:00:00,88,NO2,126,65,,Uttar_Pradesh,"Ardhali Bazar, Varanasi - UPPCB"
509,Varanasi,India,510,17-03-2018 08:00:00,36,SO2,49,18,,Uttar_Pradesh,"Ardhali Bazar, Varanasi - UPPCB"
510,Varanasi,India,511,17-03-2018 08:00:00,39,CO,72,5,,Uttar_Pradesh,"Ardhali Bazar, Varanasi - UPPCB"
511,Varanasi,India,512,17-03-2018 08:00:00,44,OZONE,57,6,,Uttar_Pradesh,"Ardhali Bazar, Varanasi - UPPCB"
512,Asanol,India,513,17-03-2018 08:00:00,90,PM2.5,137,56,,West_Bengal,"Asanol Court Area, Asanol - WBPCB"
513,Asanol,India,514,17-03-2018 08:00:00,110,PM10,141,81,,West_Bengal,"Asanol Court Area, Asanol - WBPCB"
514,Asanol,India,515,17-03-2018 08:00:00,63,NO2,104,43,,West_Bengal,"Asanol Court Area, Asanol - WBPCB"
515,Asanol,India,516,17-03-2018 08:00:00,9,NH3,11,7,,West_Bengal,"Asanol Court Area, Asanol - WBPCB"
516,Asanol,India,517,17-03-2018 08:00:00,32,SO2,65,16,,West_Bengal,"Asanol Court Area, Asanol - WBPCB"
517,Asanol,India,518,17-03-2018 08:00:00,51,CO,100,39,,West_Bengal,"Asanol Court Area, Asanol - WBPCB"
518,Asanol,India,519,17-03-2018 08:00:00,39,OZONE,74,10,,West_Bengal,"Asanol Court Area, Asanol - WBPCB"
519,Durgapur,India,520,17-03-2018 08:00:00,197,PM10,349,130,,West_Bengal,"Sidhu Kanhu Indoor Stadium, Durgapur - WBPCB"
520,Durgapur,India,521,17-03-2018 08:00:00,74,NO2,87,56,,West_Bengal,"Sidhu Kanhu Indoor Stadium, Durgapur - WBPCB"
521,Durgapur,India,522,17-03-2018 08:00:00,24,SO2,39,15,,West_Bengal,"Sidhu Kanhu Indoor Stadium, Durgapur - WBPCB"
522,Durgapur,India,523,17-03-2018 08:00:00,19,CO,106,2,,West_Bengal,"Sidhu Kanhu Indoor Stadium, Durgapur - WBPCB"
523,Haldia,India,524,17-03-2018 08:00:00,97,PM10,136,71,,West_Bengal,"Haldia, Haldia - WBPCB"
524,Haldia,India,525,17-03-2018 08:00:00,32,NO2,63,18,,West_Bengal,"Haldia, Haldia - WBPCB"
525,Haldia,India,526,17-03-2018 08:00:00,40,SO2,106,13,,West_Bengal,"Haldia, Haldia - WBPCB"
526,Haldia,India,527,17-03-2018 08:00:00,15,CO,31,10,,West_Bengal,"Haldia, Haldia - WBPCB"
527,Haldia,India,528,17-03-2018 08:00:00,39,OZONE,40,17,,West_Bengal,"Haldia, Haldia - WBPCB"
528,Howrah,India,529,17-03-2018 08:00:00,125,PM2.5,199,28,,West_Bengal,"Padmapukur, Howrah - WBPCB"
529,Howrah,India,530,17-03-2018 08:00:00,108,PM10,131,85,,West_Bengal,"Padmapukur, Howrah - WBPCB"
530,Howrah,India,531,17-03-2018 08:00:00,19,NO2,22,13,,West_Bengal,"Padmapukur, Howrah - WBPCB"
531,Howrah,India,532,17-03-2018 08:00:00,4,NH3,6,2,,West_Bengal,"Padmapukur, Howrah - WBPCB"
532,Howrah,India,533,17-03-2018 08:00:00,2,SO2,3,1,,West_Bengal,"Padmapukur, Howrah - WBPCB"
533,Howrah,India,534,17-03-2018 08:00:00,25,CO,37,16,,West_Bengal,"Padmapukur, Howrah - WBPCB"
534,Howrah,India,535,17-03-2018 08:00:00,127,OZONE,149,37,,West_Bengal,"Padmapukur, Howrah - WBPCB"
535,Siliguri,India,536,17-03-2018 08:00:00,285,PM2.5,372,180,,West_Bengal,"Ward-32 Bapupara, Siliguri - WBPCB"
536,Siliguri,India,537,17-03-2018 08:00:00,191,PM10,329,132,,West_Bengal,"Ward-32 Bapupara, Siliguri - WBPCB"
537,Siliguri,India,538,17-03-2018 08:00:00,54,NO2,106,16,,West_Bengal,"Ward-32 Bapupara, Siliguri - WBPCB"
538,Siliguri,India,539,17-03-2018 08:00:00,12,NH3,26,1,,West_Bengal,"Ward-32 Bapupara, Siliguri - WBPCB"
539,Siliguri,India,540,17-03-2018 08:00:00,12,SO2,36,6,,West_Bengal,"Ward-32 Bapupara, Siliguri - WBPCB"
540,Siliguri,India,541,17-03-2018 08:00:00,32,CO,110,6,,West_Bengal,"Ward-32 Bapupara, Siliguri - WBPCB"
541,Siliguri,India,542,17-03-2018 08:00:00,88,OZONE,125,1,,West_Bengal,"Ward-32 Bapupara, Siliguri - WBPCB"
